Title,Price,Currency,Provider,Seller FB,Signals
"Acer PM161Q Abmiuuzx 15.6"" Portable Monitor 1920x1080 IPS 5ms 60Hz Refurbished",40.03,USD,ebay,83988,â˜…â˜…â˜…â˜…â˜†
"Acer 16"" PM161Q ABMIUUZX Portable Widescreen LCD Monitor 1920Ã—1080 60Hz Refurb",44.99,USD,ebay,83988,â˜…â˜…â˜…â˜…â˜†
"ASUS ZenScreen MB16AC 15.6"" FullHD 1920x1080 USB-C LCD IPS Portable Monitor NEW",99.99,USD,ebay,11874,â˜…â˜…â˜…â˜†â˜†
"Used 15.6"" Portable Monitor Upgraded IPS HDR 1080P Full HD Eye Care Screen USB C",43.49,USD,ebay,4333,â˜…â˜…â˜†â˜†â˜†
"UPERFECT 16"" 2K 120Hz Portable Monitor 2*USB C Extend Display For Game Switch PS",89.99,USD,ebay,4333,â˜…â˜…â˜†â˜†â˜†
UPERFECT 22 Inch Portable Monitor 2K 2560*1440 Laptop Display Computer Monitor,134.39,USD,ebay,4333,â˜…â˜…â˜†â˜†â˜†
6 speeds Massage Gun Percussion Massager Deep Tissue Muscle Vibrating Relax,15.99,USD,ebay,349978,â˜…â˜…â˜…â˜…â˜…
Massage Gun Percussion Massager Deep Tissue Muscle Vibrating Relaxing + 4 Heads,28.95,USD,ebay,991948,â˜…â˜…â˜…â˜…â˜…
TOLOCO Deep Tissue Massage Gun for Muscle Pain Relief Quiet Percussion Massager,29.99,USD,ebay,25165,â˜…â˜…â˜…â˜†â˜†
"Exerscribe Vybe Pro Muscle Massage Gun for Athletes for Body,Back,Shoulder Pain-",42.99,USD,ebay,177039,â˜…â˜…â˜…â˜…â˜…
"LED Desk Lamp, Eye-Caring Table Lamps, Natural Light Protects Eyes, 5 Modes",18.98,USD,ebay,14443,â˜…â˜…â˜…â˜†â˜†
"Desk Lamp, Desk Light with Wireless Charger, USB Charging Port, Dimmable Office",23.98,USD,ebay,14443,â˜…â˜…â˜…â˜†â˜†
2 Set USB Rechargeable LED Bicycle Headlight Bike Front Rear Lamp Cycling Light,5.99,USD,ebay,20851,â˜…â˜…â˜…â˜†â˜†
2 Sets USB Rechargeable LED Bicycle Headlight Bike Front Rear Lamp Cycling Light,22.98,USD,ebay,1485,â˜…â˜…â˜†â˜†â˜†
Waterproof Super Bright LED Bike Light USB Rechargeable Bicycle Front Headlight,14.95,USD,ebay,234504,â˜…â˜…â˜…â˜…â˜…
2 Set USB Rechargeable LED Bicycle Headlight Bike Front Rear Light Cycling Lamp,9.95,USD,ebay,234504,â˜…â˜…â˜…â˜…â˜…
Waterproof LED Bike Light USB Rechargeable Super Bright Bicycle Front Headlight,14.99,USD,ebay,1275,â˜…â˜…â˜†â˜†â˜†
2 Sets USB Rechargeable LED Bicycle Headlight Bike Front Rear Lamp Cycling,7.89,USD,ebay,181,â˜…â˜†â˜†â˜†â˜†
Waterproof Super Bright LED Bike Light USB Rechargeable Bicycle Front Headlight,14.91,USD,ebay,25998,â˜…â˜…â˜…â˜†â˜†
9000LM Super Bright LED Bike Light USB Rechargeable Bicycle Front Rear Headlight,12.99,USD,ebay,32769,â˜…â˜…â˜…â˜†â˜†
Super Bright Bicycle Front Headlight LED Bike Light USB Rechargeable Waterproof,15.60,USD,ebay,194,â˜…â˜†â˜†â˜†â˜†
1400LM Waterproof Bright LED Bike Light USB Rechargeable Bicycle Front Headlight,25.99,USD,ebay,1734,â˜…â˜…â˜†â˜†â˜†
Waterproof Super Bright LED Bike Light USB Rechargeable Bicycle Front Headlight,34.99,USD,ebay,973,â˜…â˜†â˜†â˜†â˜†
Bike Tail Light Bicycle Rechargeable USB 5 LED Safety Rear Lamp Flashing Wraning,431.69,USD,ebay,45485,â˜…â˜…â˜…â˜†â˜†
USB Rechargeable Bright LED Bicycle Bike Front Headlight and Rear Tail Light Set,11.99,USD,ebay,1734,â˜…â˜…â˜†â˜†â˜†
USB Rechargeable LED Cycle Bike Headlight + Rear Light Horn Speedometer Odometer,14.99,USD,ebay,22214,â˜…â˜…â˜…â˜†â˜†
Rechargeable LED Mountain Bike Lights 90000LM Bicycle Torch Front Lamp,15.99,USD,ebay,889,â˜…â˜†â˜†â˜†â˜†
ROCKBROS Bike Rear Light Rechargeable Waterproof Night Warn Hemlet Taillight,13.77,USD,ebay,28621,â˜…â˜…â˜…â˜†â˜†
ROCKBROS Rear Bike Light Smart Brake Alert Saddle light Cycling Tail Flashlight,13.99,USD,ebay,28621,â˜…â˜…â˜…â˜†â˜†
1800mAh Waterproof Bicycle Bike Lights Super Bright Front Headlight Rechargeable,14.71,USD,ebay,1275,â˜…â˜…â˜†â˜†â˜†
USB Rechargeable LED Bicycle Headlight Bike Head Light Front Rear Lamp Cycling,21.60,USD,ebay,66,â˜…â˜†â˜†â˜†â˜†
2 Set USB Rechargeable LED Bicycle Headlight Bike Front Rear Lamp Cycling Light,16.54,USD,ebay,1746,â˜…â˜…â˜†â˜†â˜†
4X Bike Light Set USB Rechargeable Bicycle Lights Front & Rear Lamp Waterproof,12.99,USD,ebay,13856,â˜…â˜…â˜…â˜†â˜†
NITECORE HC33 1800 Lumen High Performance Versatile L-Shaped LED Headlamp,64.95,USD,ebay,51781,â˜…â˜…â˜…â˜…â˜†
"12 PACK SPOKE REFLECTORS 2.75"" SAFETY STRIPS FOR Cycling Bikes Bicycle Wheel Rim",7.84,USD,ebay,7670,â˜…â˜…â˜†â˜†â˜†
VENZO Bike Bicycle 3 Functions LED 1 Watt Front Light,13.01,USD,ebay,211730,â˜…â˜…â˜…â˜…â˜…
DNM Mountain Bike Air Rear Shock With Lockout 200x55mm,91.09,USD,ebay,211730,â˜…â˜…â˜…â˜…â˜…
Cygolite Hotshot PRO 150 Rear Flashing Bike Safety Light USB Recharge Red LED,37.90,USD,ebay,263546,â˜…â˜…â˜…â˜…â˜…
Bike Tail Light Ultra Bright Bicycle Rear Light 2 Pack USB Rechargeable LED Safe,18.31,USD,ebay,2736,â˜…â˜…â˜†â˜†â˜†
"Bike Wheel Lights (1 Tire, Red) Top Summer 2024 Ideas for Dad Deals Toys",14.99,USD,ebay,2951319,â˜…â˜…â˜…â˜…â˜…
Q-lite Bike Bicycle Front and Rear 3 LED Lights Kit with Battery Black,13.01,USD,ebay,211730,â˜…â˜…â˜…â˜…â˜…
"SUNLITE 1"" Mini MULTI COLOR Reflectors w/ Wing Nut Bike Bicycle Safety SET OF 24",16.39,USD,ebay,354104,â˜…â˜…â˜…â˜…â˜…
BV Bicycle Light Set safety BV-L819 NIB Great Deal!,25.50,USD,ebay,320,â˜…â˜†â˜†â˜†â˜†
USB Rechargeable LED Bicycle Headlight Bike Head Light Front Rear Lamp Cycling,15.80,USD,ebay,38,â˜…â˜†â˜†â˜†â˜†
Reflective Outdoor Running Cycling Biking Night LED Light Safety Vest Waterproof,9.99,USD,ebay,829739,â˜…â˜…â˜…â˜…â˜…
Bike Light USB Rechargeable 3000LM Water-proof LED Headlight & Taillight Set,17.99,USD,ebay,58,â˜…â˜†â˜†â˜†â˜†
12V Head + Tail Light Lamp 50cc 70cc 110cc Dinosaur Style Quad Dirt Bike ATV,20.12,USD,ebay,96357,â˜…â˜…â˜…â˜…â˜†
Harley-Davidson Brake Light Flash De D96274 Mens Black Motorcycle Boots,113.99,USD,ebay,222046,â˜…â˜…â˜…â˜…â˜…
Q-lite Bike Bicycle Front and Rear 3 LED Lights Kit with Battery White,12.36,USD,ebay,211730,â˜…â˜…â˜…â˜…â˜…
MOTORIZED BICYCLE Complete 6 Volt Light Set New Super Economy Deal!,119.75,USD,ebay,3134,â˜…â˜…â˜†â˜†â˜†
"HED B.A.D BIG DEAL Light FAT BIKE 26"" WHEELSET 15x150 Thru-A Front & QR Rear 190",699.50,USD,ebay,263546,â˜…â˜…â˜…â˜…â˜…
NEW Oakley SPHAERA SLASH Matte Fog PRIZM Low Light Lens Sunglass OO9499-07,151.99,USD,ebay,43219,â˜…â˜…â˜…â˜†â˜†
Whall Air Fryer Oven 12QT 12-in-1 Air Fryer Convection Oven NSE1201 - Silver,99.00,USD,ebay,36116,â˜…â˜…â˜…â˜†â˜†
Kitchen Elite AF8243WSS 8QT AIR FRYER WITH WINDOW,49.99,USD,ebay,28390,â˜…â˜…â˜…â˜†â˜†
Gourmia 8-Quart Digital Air Fryer with Window & Light,54.99,USD,ebay,28,â˜…â˜†â˜†â˜†â˜†
12-in-1 Air Fry Roast 6 Quart Air Fryer Capacity with Window Square Air Fryer,50.96,USD,ebay,642,â˜…â˜†â˜†â˜†â˜†
Kitchen Elite KE-AF300M 3QT Digital Air Fryer,29.99,USD,ebay,28390,â˜…â˜…â˜…â˜†â˜†
Gourmia 6-Qt Digital Window Air Fryer with 12 Presets & Guided Cooking,35.69,USD,ebay,744284,â˜…â˜…â˜…â˜…â˜…
Gourmia 11 Qt Dual Basket Air Fryer Smart Finish 4-Layer Cooker,79.99,USD,ebay,1810,â˜…â˜…â˜†â˜†â˜†
Chefman Multi-Functional Air Fryer 10L - Black - RJ38-10-RDO-V2,75.00,USD,ebay,77,â˜…â˜†â˜†â˜†â˜†
16QT Air Fryer Toaster Oven Digital Control Air Fryer with Rotisserie Dehydrator,83.99,USD,ebay,145,â˜…â˜†â˜†â˜†â˜†
"Kalorik MAXX 26 Quart Flex Sync Air Fryer Oven with 14 Accessories, Red",109.99,USD,ebay,21518,â˜…â˜…â˜…â˜†â˜†
Gourmia 8-Qt Digital Air Fryer XL w Window & Light (B1),29.99,USD,ebay,256,â˜…â˜†â˜†â˜†â˜†
Bella 2 Qt. Electric Air Fryer 1200 Watt - **Free Import**,49.00,USD,ebay,35,â˜…â˜†â˜†â˜†â˜†
Gourmia Dual Basket Air Fryer 11-Qt GAF1220 â€“ New Open Box â€“ 4-Layer Cooking,79.90,USD,ebay,963,â˜…â˜†â˜†â˜†â˜†
Kitchen HQ 2-Liter Digital Air Fryer Countertop,34.99,USD,ebay,36115,â˜…â˜…â˜…â˜†â˜†
Kalorik 3.2 Quart Digital Air Fryer,39.99,USD,ebay,36115,â˜…â˜…â˜…â˜†â˜†
Kitchen HQ 4.875-Quart 2-in-1 Glass Air Fryer/Grill System,69.99,USD,ebay,36115,â˜…â˜…â˜…â˜†â˜†
Gourmia GAF1190 11QT Dual Basket Air Fryer w Smart Finish 4-Layer Cooking NEW,74.99,USD,ebay,256,â˜…â˜†â˜†â˜†â˜†
"CHEFMAN Multifunctional Digital Air Fryer+ Rotisserie, Dehydrator, Convection",85.00,USD,ebay,0,â˜…â˜†â˜†â˜†â˜†
Kitchen HQ 7-in-1 6.5 QT Countertop Electric Air Fryer Grill Scratch & Dent,59.99,USD,ebay,36115,â˜…â˜…â˜…â˜†â˜†
Gourmia 11-QT. Dual Basket Air Fryer with Smart Finish & 4-Layer Cooking,94.99,USD,ebay,28,â˜…â˜†â˜†â˜†â˜†
Emeril Lagasse Power Air Fryer 360 Better Than Convection Ovens Hot Air Fryer...,224.99,USD,ebay,5107,â˜…â˜…â˜†â˜†â˜†
"The Best Hot Air Fryer 17 1/4"" L x 13 1/2"" W x 12 1/2"" D Up to  400 Degrees",149.99,USD,ebay,24754,â˜…â˜…â˜…â˜†â˜†
The Best Hot Air Fryer extra-large interior,139.99,USD,ebay,24754,â˜…â˜…â˜…â˜†â˜†
"BEST SELLING ZWILLING Air fryer 4 l, black matte",69.99,USD,ebay,75,â˜…â˜†â˜†â˜†â˜†
"The Best Air Fryer Recipes on the Planet: Over 125 Easy, Foolproof Fried  - GOOD",4.23,USD,ebay,4891057,â˜…â˜…â˜…â˜…â˜…
The Skinnytaste Air Fryer Cookbook: The Best Healthy Recipes for Yo - VERY GOOD,4.08,USD,ebay,4891057,â˜…â˜…â˜…â˜…â˜…
"175 Best Air Fryer Recipes - Paperback By Saulsbury, Camilla - GOOD",4.25,USD,ebay,4891057,â˜…â˜…â˜…â˜…â˜…
The Skinnytaste Air Fryer Cookbook: The Best Healthy Recipes for Your Ai - GOOD,4.08,USD,ebay,4891057,â˜…â˜…â˜…â˜…â˜…
"The Best Air Fryer Recipes on the Planet: Over 125 Easy, Foolproof Fried Fav...",4.15,USD,ebay,40569,â˜…â˜…â˜…â˜†â˜†
18 Quart Convection Countertop Air Fryer - See through Glass for Best Cooking Re,89.99,USD,ebay,214,â˜…â˜†â˜†â˜†â˜†
The Skinnytaste Air Fryer Cookbook: The 75 Best Healthy Recipes for Your Air...,5.47,USD,ebay,4141071,â˜…â˜…â˜…â˜…â˜…
The Skinny Air Fryer Cookbook: The Best Recipes for Cutting the Fat and Keep...,4.66,USD,ebay,40569,â˜…â˜…â˜…â˜†â˜†
"Air Fryer Cookbook: Best Everyday Air Fryer Rec- paperback, Stone, 9781520382371",4.27,USD,ebay,247780,â˜…â˜…â˜…â˜…â˜…
18 Quart Convection Countertop Air Fryer - See through Glass for Best Cooking Re,147.31,USD,ebay,45,â˜…â˜†â˜†â˜†â˜†
4 QT Air Fryer & Grill | 8-1 Preset Cook Modes | Transparent Fry Bowl for Best C,178.39,USD,ebay,8804,â˜…â˜…â˜†â˜†â˜†
5.8 Quart Air Fryer | 8-1 Preset Cook Modes | Transparent Fry Bowl for Best Cook,184.60,USD,ebay,2028,â˜…â˜…â˜†â˜†â˜†
Best 3 Qt Air Fryer Fast Crisp Cooking Oil-Free Compact Kitchen Tool,49.99,USD,ebay,4,â˜…â˜†â˜†â˜†â˜†
Sahomwell Air Fryer- New Opened Box Best Air fryer In 2021,30.00,USD,ebay,78,â˜…â˜†â˜†â˜†â˜†
Best Air Fryer Cookbook: 430 Easy to Cook Delicious Air Fryer Recipes for Health,16.71,USD,ebay,1320,â˜…â˜…â˜†â˜†â˜†
PowerXL Air Fryer Grill Plus #1 Best-Selling Air Fryer Brand Indoor Grill,90.00,USD,ebay,527,â˜…â˜†â˜†â˜†â˜†
Dog Cat Pet Grooming Kit Rechargeable Cordless Electric Hair Clipper Trimmer Set,31.99,USD,ebay,1095,â˜…â˜…â˜†â˜†â˜†
Dog Cat Pet Grooming Kit Rechargeable Cordless Electric Hair Clipper Trimmer Set,13.95,USD,ebay,369946,â˜…â˜…â˜…â˜…â˜…
Dog Cat Pet Grooming Kit Rechargeable Cordless Electric Hair Clipper Trimmer Set,29.99,USD,ebay,2639,â˜…â˜…â˜†â˜†â˜†
Dog Paw Fur Trimmer Low Noise Cordless Electric Pet Hair Clippers for Cat & Dogs,10.35,USD,ebay,65776,â˜…â˜…â˜…â˜…â˜†
Professional Pet Clippers Dog Cat Animal Kit For Hair Grooming Cordless Trimmer,9.49,USD,ebay,378,â˜…â˜†â˜†â˜†â˜†
PET CLIPPERS Professional Heavy Duty Trimmer Dog Grooming Kit Thick Hair Trimmer,27.99,USD,ebay,2006,â˜…â˜…â˜†â˜†â˜†
Pet Dog Cat Clippers Grooming Hair Trimmer Groomer Shaver Razor Quiet Clipper,13.49,USD,ebay,286325,â˜…â˜…â˜…â˜…â˜…
2 Pack Manual Pet Hair Trimmer with Extra Blades and Comb Grooming Dog Cat Razor,8.99,USD,ebay,59341,â˜…â˜…â˜…â˜…â˜†
Dog Cat Pet Electric Hair Clipper Trimmer Grooming Kit Rechargeable Cordless,17.99,USD,ebay,18399,â˜…â˜…â˜…â˜†â˜†
Professional Pet Clippers Heavy Duty Trimmer Dog Grooming Kit Thick Hair Trimmer,31.61,USD,ebay,23659,â˜…â˜…â˜…â˜†â˜†
Pet Dog Paw Trimmer Pet Micro Precision Hair Trimmer Set Low Noise Rechargeable,9.49,USD,ebay,932,â˜…â˜†â˜†â˜†â˜†
"Pet Grooming Clippers for Matted Hair Cat, Low Noise Hair Trimmer Kit for Lon...",17.00,USD,ebay,1488,â˜…â˜…â˜†â˜†â˜†
Professional Mute Pet Cat Dog Hair Clipper Trimmer Shaver Cordless Scissors Set,29.95,USD,ebay,100415,â˜…â˜…â˜…â˜…â˜…
Heavy-Duty Pet Hair Trimmers Electric Professional Dog Grooming Clippers NEW,44.98,USD,ebay,1269,â˜…â˜…â˜†â˜†â˜†
Professional PET CLIPPERS Dog Grooming Kit Heavy Duty Trimmer Thick Hair US,36.99,USD,ebay,2232,â˜…â˜…â˜†â˜†â˜†
WAHL Professional PET CLIPPERS Dog Grooming Kit Heavy Duty Trimmer Thick Hair US,36.99,USD,ebay,2784,â˜…â˜…â˜†â˜†â˜†
Dog Cat Pet Grooming Kit Rechargeable Cordless Electric Hair Clipper Trimmer Set,15.95,USD,ebay,16706,â˜…â˜…â˜…â˜†â˜†
Dog Clippers for Hair Grooming: Dog Grooming Clippers Kit for Thick Heavy Coats,55.99,USD,ebay,130,â˜…â˜†â˜†â˜†â˜†
Dog Paw Fur Trimmer Low Noise Cordless Electric Pet Hair Clippers for Cat & Dogs,10.59,USD,ebay,789,â˜…â˜†â˜†â˜†â˜†
Dog Cat Pet Grooming Kit Rechargeable Cordless Electric Hair Clipper Trimmer,18.99,USD,ebay,379,â˜…â˜†â˜†â˜†â˜†
Dog Paw Fur Trimmer Low Noise Cordless Electric Pet Hair Clippers for Cat & Dogs,9.00,USD,ebay,2,â˜…â˜†â˜†â˜†â˜†
Dog Cat Pet Grooming Kit Electric Hair Clipper Trimmer Rechargeable Cordless NEW,9.49,USD,ebay,181,â˜…â˜†â˜†â˜†â˜†
Heavy-Duty Pet Hair Trimmers Electric Professional Dog Grooming Clippers NEW,39.99,USD,ebay,379,â˜…â˜†â˜†â˜†â˜†
Profesional Pet Grooming Kit Clipper Dog Cat Hair Trimmer Cordless Rechargeable,15.99,USD,ebay,115,â˜…â˜†â˜†â˜†â˜†
Pet Dog Electric Hair Clipper Trimmer Shaver Cutter Haircut Machine Grooming Kit,9.29,USD,ebay,2856,â˜…â˜…â˜†â˜†â˜†
Pet Dog Paw Trimmer Pet Micro Precision Hair Trimmer Set Low Noise Rechargeable,10.24,USD,ebay,532,â˜…â˜†â˜†â˜†â˜†
Dog Paw Fur Trimmer Low Noise Cordless Electric Pet Hair Clippers for Cat & Dogs,14.99,USD,ebay,7145,â˜…â˜…â˜†â˜†â˜†
Pet Shaver Cordless Clipper Low Noise Dog Grooming Kit with Rechargeable Dog Cat,22.99,USD,ebay,3584,â˜…â˜…â˜†â˜†â˜†
Dog Cat Pet Grooming Kit Rechargeable Cordless Electric Hair Clipper Trimmer,18.99,USD,ebay,378,â˜…â˜†â˜†â˜†â˜†
Heavy-Duty Pet Hair Trimmers Electric Professional Dog Grooming Clippers 350W,44.98,USD,ebay,1269,â˜…â˜…â˜†â˜†â˜†
"2Ã— 47"" Smart LED Floor Lamp RGB Remote & APP Control Music Sync Corner Lighting",28.99,USD,ebay,2906,â˜…â˜…â˜†â˜†â˜†
RGB LED Corner Floor Lamp RGBIC Ambient Light App Control DIY Color Changing,25.99,USD,ebay,9610,â˜…â˜…â˜†â˜†â˜†
Corner Floor Lamp 60â€ Color Changing LED Floor Lamp with Music Sync Modern Mood,21.88,USD,ebay,13515,â˜…â˜…â˜…â˜†â˜†
"2-Pack Corner Floor Lamp,Lamps for Living Room with Smart App and Remote Control",39.99,USD,ebay,3006,â˜…â˜…â˜†â˜†â˜†
13 Color Changing Night Light RGB Remote Control Touch Dimmable Lamp Portable,8.44,USD,ebay,2050,â˜…â˜…â˜†â˜†â˜†
2Pack RGB LED Corner Floor Lamp Minimalist Mood Light Colour Changing w/Remote,20.99,USD,ebay,18762,â˜…â˜…â˜…â˜†â˜†
LED Galaxy Projector Starry Night Light Moon Star Sky Nebula Projection Lamp US,25.99,USD,ebay,772,â˜…â˜†â˜†â˜†â˜†
"2x 47"" Smart LED Floor Lamp RGB Remote & APP Control Music Sync Corner Lighting",27.89,USD,ebay,2520,â˜…â˜…â˜†â˜†â˜†
"LED Floor Lamp, Corner Light Lamp RGB+ White Modern Smart Compatible with Alexa",26.99,USD,ebay,9610,â˜…â˜…â˜†â˜†â˜†
"47"" Smart LED Floor Lamp RGB Remote & APP Control Music Sync Corner Lighting",16.99,USD,ebay,772,â˜…â˜†â˜†â˜†â˜†
Ocean Wave Aurora Projector Lamp Rechargeable 16 Colors LED Night Light Bedroom,13.79,USD,ebay,6540,â˜…â˜…â˜†â˜†â˜†
"47"" Smart LED Floor Lamp RGB Remote & APP Control Music Sync Corner Lighting",16.99,USD,ebay,3082,â˜…â˜…â˜†â˜†â˜†
"Smart RGBIC LED Corner Floor Lamp with Remote & App 16M Colors, Music Sync Light",32.90,USD,ebay,71,â˜…â˜†â˜†â˜†â˜†
"60"" RGB LED Corner Floor Lamp RGBIC Ambient Light App Control DIY Color Changing",99.99,USD,ebay,3901,â˜…â˜…â˜†â˜†â˜†
RGB Atmosphere Lamp Soft Light For Cozy Night Reading,32.99,USD,ebay,1409,â˜…â˜…â˜†â˜†â˜†
"47"" Smart LED Floor Lamp RGB Remote & APP Control Music Sync Corner Lighting",19.99,USD,ebay,2906,â˜…â˜…â˜†â˜†â˜†
"2-Pack Corner Floor Lamp,Lamps for Living Room with Smart App and Remote Control",29.99,USD,ebay,2906,â˜…â˜…â˜†â˜†â˜†
"2x 47"" RGB LED Floor Corner Lamp Modern Smart App Music Sync with Remote Control",24.99,USD,ebay,3082,â˜…â˜…â˜†â˜†â˜†
"2pc 47"" Smart LED Floor Lamp RGB Remote & APP Control Music Sync Corner Lighting",28.89,USD,ebay,5823,â˜…â˜…â˜†â˜†â˜†
Govee Aura Smart RGBIC Table Lamp App Control Bedside Rainbow Lamp USED,24.99,USD,ebay,43950,â˜…â˜…â˜…â˜†â˜†
"HBN RGB Floor Lamp with Timer, Corner Lamp with Music Sync and 16 Million DIY",36.99,USD,ebay,36567,â˜…â˜…â˜…â˜†â˜†
165CM RGB LED Corner Floor Lamp Light Stand Gaming Room Decor APP+Remote Control,31.23,USD,ebay,748,â˜…â˜†â˜†â˜†â˜†
"Ascher Cordless Table Lamp, 3 Color Temperatures, 7 RGB Colors",19.59,USD,ebay,232,â˜…â˜†â˜†â˜†â˜†
"Ledagic led lights for party room 100Ft 100Ft LED Strip Lights, Smart Light with",13.99,USD,ebay,232,â˜…â˜†â˜†â˜†â˜†
5pcs x 16.4ft 300leds RGB 5050 SMD LED Strip Light Lamp Black PCB Non-Waterproof,62.69,USD,ebay,31442,â˜…â˜…â˜…â˜†â˜†
"16 Color RGB LED Cube Lamp: Remote Control, IP65 Waterproof, Rechargeable, 7inch",38.21,USD,ebay,104,â˜…â˜†â˜†â˜†â˜†
RGB 16 Colored LED Lamp,20.00,USD,ebay,1,â˜…â˜†â˜†â˜†â˜†
"Smart RGB LED Floor Lamp 60"" with 16 Million DIY Colors",25.19,USD,ebay,232,â˜…â˜†â˜†â˜†â˜†
LED RGB Lamp,6.60,USD,ebay,23,â˜…â˜†â˜†â˜†â˜†
"Ascher Cordless Table Lamp, 3 Color Temperatures, 7 RGB Colors",19.31,USD,ebay,153,â˜…â˜†â˜†â˜†â˜†
16 Colors Changing RGB LEDs Night Lamp Controller Stepless Brightness Dimmable,9.90,USD,ebay,19,â˜…â˜†â˜†â˜†â˜†
"Micro-hertz 2-in-1 Desk Lamp with RGB Backlight,Architect Desk Lamps for Home Of",24.83,USD,ebay,153,â˜…â˜†â˜†â˜†â˜†
5M 5050/3528 SMD Strip Flexible Tape Multicolor Fairy LED Light lamp,14.24,USD,ebay,31442,â˜…â˜…â˜…â˜†â˜†
"Micro-hertz 2-in-1 Desk Lamp with RGB Backlight,Architect Desk Lamps for Home Of",25.19,USD,ebay,232,â˜…â˜†â˜†â˜†â˜†
NEW Color Changing LED Lamp - 5 Colors,9.99,USD,ebay,3544,â˜…â˜…â˜†â˜†â˜†
RGB light,25.00,USD,ebay,105,â˜…â˜†â˜†â˜†â˜†
Colorful Night Light RGB Color Changing Atmosphere Lamp With Remote Control,24.14,USD,ebay,1986,â˜…â˜…â˜†â˜†â˜†
RGB Lights,69.00,USD,ebay,3,â˜…â˜†â˜†â˜†â˜†
Ocean Wave Projector Lamp Aurora Rechargeable 16 Colors LED Night Light Bedroom,14.28,USD,ebay,25706,â˜…â˜…â˜…â˜†â˜†
"Vexinar Corner Floor gamingbRoom Smart RGB Floor Lamp, APP and Remote Color Chan",25.98,USD,ebay,232,â˜…â˜†â˜†â˜†â˜†
16.4ft 5050 SMD Orange LED Flexible Strip Light lamp 5M 300 Waterproof IP65 12V,22.95,USD,ebay,122833,â˜…â˜…â˜…â˜…â˜…
"100Ft LED Strip Lights, Smart Light with App Remote Control, RGB LED Lights for",14.89,USD,ebay,8856,â˜…â˜…â˜†â˜†â˜†
1x Solar RGB LED Projector Lights 360Â° Rotating Waterproof Laser Light Lamp Bulb,25.71,USD,ebay,154,â˜…â˜†â˜†â˜†â˜†
For BMW 320i 328i 335i 528i Etc 2Pcs H8 H11 RGB LED Fog Light Bulbs APP Control,63.99,USD,ebay,633,â˜…â˜†â˜†â˜†â˜†
LED Galaxy Projector Starry Night Light Sky Star Party Lamp Planetarium Room US,39.88,USD,ebay,12810,â˜…â˜…â˜…â˜†â˜†
Night Light RGB 13 Color Changing Remote Control Touch Dimmable Lamp Bedroom USA,13.72,USD,ebay,6540,â˜…â˜…â˜†â˜†â˜†
LED Galaxy Projector Starry Night Light Sky Star Party Lamp Planetarium Room,27.99,USD,ebay,395,â˜…â˜†â˜†â˜†â˜†
Massage Gun Percussion Massager Deep Tissue Muscle Vibrating Relax,12.49,USD,ebay,843,â˜…â˜†â˜†â˜†â˜†
"Corner Floor Rainbow Lamp Light with Remote Control 47"" Tall Smart RGB LED Lamps",17.99,USD,ebay,5823,â˜…â˜…â˜†â˜†â˜†
LED Galaxy Projector Starry Night Light Moon Star Sky Nebula Projection Lamp,25.99,USD,ebay,2520,â˜…â˜…â˜†â˜†â˜†
16 Colors Ocean Wave Northern Lights Projector Lamp Gradual Night Light Cordless,10.58,USD,ebay,6540,â˜…â˜…â˜†â˜†â˜†
LED Galaxy Projector Starry Night Light Sky Star Party Lamp Planetarium Room USA,32.54,USD,ebay,772,â˜…â˜†â˜†â˜†â˜†
Christmas Laser R&G LED Projector Light Moving Outdoor Landscape Stage Xmas Lamp,29.99,USD,ebay,704,â˜…â˜†â˜†â˜†â˜†
36W LED Music Ceiling Light with Bluetooth Speaker RGB LED Flush Mount Smartp...,39.99,USD,ebay,6671,â˜…â˜…â˜†â˜†â˜†
6/8/9 Eyes LED Moving Head Spider Beam Scan Laser Light DJ Club Stage Lamp BEST!,363.37,USD,ebay,4321,â˜…â˜…â˜†â˜†â˜†
LED Galaxy Projector Starry Night Light Sky Star Party Lamp Planetarium Room USA,34.90,USD,ebay,7474,â˜…â˜…â˜†â˜†â˜†
13 in 1 LED Galaxy Projector Starry Night Light Sky Star Party Lamp Planetarium,35.90,USD,ebay,2520,â˜…â˜…â˜†â˜†â˜†
H13 9008 RGB LED W+ Multicolor Headlight High Low Beam Bulbs For Dodge Durango,60.79,USD,ebay,718,â˜…â˜†â˜†â˜†â˜†
Tuya Bluetooth Smart Ceiling Lamp Round Recessed RGBCW Color (Best Seller),33.99,USD,ebay,18,â˜…â˜†â˜†â˜†â˜†
"Used 15.6"" Portable Monitor Upgraded IPS HDR 1080P Full HD Eye Care Screen USB C",49.99,USD,ebay,4344,â˜…â˜…â˜†â˜†â˜†
"UPERFECT 16"" 2K 120Hz Portable Monitor 2*USB C Extend Display For Game Switch PS",89.99,USD,ebay,4344,â˜…â˜…â˜†â˜†â˜†
UPERFECT 22 Inch Portable Monitor 2K 2560*1440 Laptop Display Computer Monitor,134.39,USD,ebay,4344,â˜…â˜…â˜†â˜†â˜†
"UPERFECT 120Hz Gaming Monitor 16"" 2K PC Monitor 2560x1600 Portable Monitor 16:10",69.99,USD,ebay,3599,â˜…â˜…â˜†â˜†â˜†
"Acer PM161Q Abmiuuzx 15.6"" Portable Monitor 1920x1080 IPS 5ms 60Hz Refurbished",40.03,USD,ebay,85756,â˜…â˜…â˜…â˜…â˜†
"Acer Portable Monitor 15.6"" Full HD IPS 1920x1080 60Hz 5ms 300Nit Refurbished",38.21,USD,ebay,85756,â˜…â˜…â˜…â˜…â˜†
"Acer 15.6"" Portable Monitor Full HD 1920x1080 60Hz Black PM161Q Refurbished",35.48,USD,ebay,85756,â˜…â˜…â˜…â˜…â˜†
"Acer 16"" PM161Q ABMIUUZX Portable Widescreen LCD Monitor 1920Ã—1080 60Hz Refurb",45.49,USD,ebay,85756,â˜…â˜…â˜…â˜…â˜†
"AOpen 16PM1Q 15.6"" FHD 1920x1080 60Hz IPS Portable Monitor HDMI Mini Refurbished",35.48,USD,ebay,85756,â˜…â˜…â˜…â˜…â˜†
"AOpen 15.6"" Portable Monitor 16PM1Q Jbmiuux FHD 1920x1080 60Hz 6ms Refurbished",43.19,USD,ebay,85756,â˜…â˜…â˜…â˜…â˜†
"Acer 16"" PM161QC Portable Widescreen LCD Monitor FHD 1920Ã—1080 60Hz Refurbished",40.49,USD,ebay,85756,â˜…â˜…â˜…â˜…â˜†
"Acer 15.6"" Portable Monitor PM161Q LCD 1920 x 1080 60 Hz 250 Nit Refurbished",47.99,USD,ebay,85756,â˜…â˜…â˜…â˜…â˜†
"ASUS MB169B+ 15.6"" Full HD 1920x1080 IPS USB Portable Monitor",25.49,USD,ebay,39880,â˜…â˜…â˜…â˜†â˜†
"New 15.6"" Portable Monitor IPS HDR 1080P FHD USB C Plug&Play Ultra-Thin Screen",53.99,USD,ebay,0,â˜…â˜†â˜†â˜†â˜†
"New 14"" Portable Monitor IPS HDR 1080P FHD USB C Screen",49.55,USD,ebay,0,â˜…â˜†â˜†â˜†â˜†
"GrowCube 14â€ Portable Lapdock Monitor w/ Keyboard â€“ 1080P, Battery, Raspberry Pi",119.99,USD,ebay,28,â˜…â˜†â˜†â˜†â˜†
"Used | UPERFECT 18.5"" 100Hz Portable Monitor Laptop Monitor USB C Gaming Display",59.99,USD,ebay,3599,â˜…â˜…â˜†â˜†â˜†
"UPERFECT 15.6"" 60HZ 1920*1080 HDR IPS Portable Monitor Fr HDMI Input Laptop Used",28.99,USD,ebay,1297,â˜…â˜…â˜†â˜†â˜†
"UPERFECT 18.5"" Portable Monitor 1920x1080 Gaming Monitor HDMI Screen for PC Xbox",71.99,USD,ebay,3599,â˜…â˜…â˜†â˜†â˜†
"UPERFECT 24"" USB-C Portable Monitor 1920x1080 120Hz Display For Raspberry PI PS",129.99,USD,ebay,3957,â˜…â˜…â˜†â˜†â˜†
"ViewSonic VG1656N-S 16"" 1200p IPS Portable Monitor Black - Certified Refurbished",202.39,USD,ebay,53739,â˜…â˜…â˜…â˜…â˜†
"ViewSonic VG1655-S 15.6"" 16:9 Portable IPS Monitor - Certified Refurbished",128.79,USD,ebay,53739,â˜…â˜…â˜…â˜…â˜†
Mobile Pixels MPDUEXMAXDS-RB 14'' DuexMax Portable Monitor Certified Refurbished,156.39,USD,ebay,53739,â˜…â˜…â˜…â˜…â˜†
"Deco Gear 49"" Curved Ultrawide 3840x1080, 32:9 144Hz FreeSync 4ms Gaming Monitor",412.00,USD,ebay,652095,â˜…â˜…â˜…â˜…â˜…
"Acer PM1 15.6"" FHD IPS 1080p Portable Monitor 60Hz 5ms USB-C Mini-HDMI PM161Q J",58.05,USD,ebay,396007,â˜…â˜…â˜…â˜…â˜…
"ViewSonic VX1655-S 15.6"" 1080p FHD Portable IPS Monitor - Certified Refurbished",101.19,USD,ebay,53739,â˜…â˜…â˜…â˜…â˜†
ViewSonic VA1653 16 Inch 1080p FHD IPS Portable Monitor - Certified Refurbished,59.79,USD,ebay,53739,â˜…â˜…â˜…â˜…â˜†
"Lifelong G70 15.6"" FHD 1080p 60Hz 6ms Portable Monitor w/ USB-C and Mini HDMI",55.99,USD,ebay,76856,â˜…â˜…â˜…â˜…â˜†
"Packard Bell airFrame 15.6"" Dual Screen Portable Full HD Monitor M15888",139.99,USD,ebay,76856,â˜…â˜…â˜…â˜…â˜†
"Helix 14"" Portable Monitor: IPS Panel, 1920x1080, USB-C & Mini HDMI ETHMON14",129.99,USD,ebay,76856,â˜…â˜…â˜…â˜…â˜†
"BenQ MOBIUZ EX3210U 32"" 4K HDR 1ms Gaming Monitor 144Hz HDMI DisplayPort",413.00,USD,ebay,74371,â˜…â˜…â˜…â˜…â˜†
NEW BWC2-H GasAlert Portable Gas Monitor Detector H2S Hydrogen Sulfide 24 Months,112.95,USD,ebay,130033,â˜…â˜…â˜…â˜…â˜…
Acer 27 ED273 Abidpx,172.00,USD,ebay,652095,â˜…â˜…â˜…â˜…â˜…
eufy S320 Smart Sock Baby Monitor Track Sleep Heart Rate AI Cry Detect Notified,56.99,USD,ebay,67864,â˜…â˜…â˜…â˜…â˜†
"Sceptre Curved 27"" 240Hz Gaming Monitor (Black)",182.99,USD,ebay,199420,â˜…â˜…â˜…â˜…â˜…
Ninja Espresso Machine Luxe CafÃ© Premier Series Drip Coffee Maker - Silver,499.00,USD,ebay,36459,â˜…â˜…â˜…â˜†â˜†
On-Stage SMS4500-P Desktop Monitor Stands Make Offer! Best Deal on ebay!,49.99,USD,ebay,19702,â˜…â˜…â˜…â˜†â˜†
Air Quality Monitor Pollution Sensor Best Outdoor Portable Monitoring PM2.5 10,31.34,USD,ebay,1388,â˜…â˜…â˜†â˜†â˜†
"Best Gift VEOUT 16 60HZ Inch Gaming Portable Monitor for Laptop,1200P Display LC",156.99,USD,ebay,22,â˜…â˜†â˜†â˜†â˜†
Portable HD Endoscopy Unit (HD Camera) Best Quality,3477.06,USD,ebay,2,â˜…â˜†â˜†â˜†â˜†
TOLOCO Deep Tissue Massage Gun for Muscle Pain Relief Quiet Percussion Massager,29.99,USD,ebay,25524,â˜…â˜…â˜…â˜†â˜†
"VTech VM819 Baby Monitor with Camera and Audio, 2.8â€ Screen Portable Baby Camera",39.99,USD,ebay,9953,â˜…â˜…â˜†â˜†â˜†
"15.6"" Portable Display EVICIV1080P Best Gaming Monitor Type C w/Leather Case AAA",62.99,USD,ebay,885,â˜…â˜†â˜†â˜†â˜†
"15.6"" Portable Display UPERFECT 1080P Best Gaming Monitor Type C w/Leather Case",59.99,USD,ebay,4344,â˜…â˜…â˜†â˜†â˜†
SUMMER BEST VIEW DIGITAL COLOR VIDEO PORTABLE MONITOR 28280 ZOOM/PAN SOUND LIGH,59.99,USD,ebay,5328,â˜…â˜…â˜†â˜†â˜†
Air Quality Monitor Pollution Sensor Best Outdoor Portable Monitoring PM2.5 10,32.00,USD,ebay,5970,â˜…â˜…â˜†â˜†â˜†
Air Quality Monitor Pollution Sensor Best Outdoor Portable Monitoring PM2.5 10,32.99,USD,ebay,126,â˜…â˜†â˜†â˜†â˜†
Summer Best view Digital Color Video Monitor Used Works Great,34.95,USD,ebay,128,â˜…â˜†â˜†â˜†â˜†
15 inch type-c Tri screen Laptop dual screen extender 1080p display (EL Premium),550.00,USD,ebay,2,â˜…â˜†â˜†â˜†â˜†
"VM819 Baby Monitor with Camera and Audio, 2.8â€ Screen Portable Baby Camera, Nigh",57.58,USD,ebay,1691,â˜…â˜…â˜†â˜†â˜†
"Baby Monitor with Camera and Audio, Screen Portable Baby Camera, Night Vision",62.99,USD,ebay,107,â˜…â˜†â˜†â˜†â˜†
Summer Best View Digital Color Video Monitor R/C Camera 400 Ft Range Zoom In Out,26.25,USD,ebay,1330,â˜…â˜…â˜†â˜†â˜†
Best Portable Pedometer for Accurate Step Tracking and Calorie Counting,35.80,USD,ebay,20,â˜…â˜†â˜†â˜†â˜†
Best Portable Pedometer for Accurate Step Tracking and Calorie Counting,20.91,USD,ebay,3377,â˜…â˜…â˜†â˜†â˜†
Advanced Audio Baby Monitor - 1 Parent Unit with Portable Rechargeable Battery,34.99,USD,ebay,29,â˜…â˜†â˜†â˜†â˜†
"Summer Portable Digital Video Baby Monitor System with 2.5"" Best View ...",39.99,USD,ebay,181,â˜…â˜†â˜†â˜†â˜†
BEST Silent Disco Yoga STARTER Package: Portable Transmitter w/ Mic + Bluetooth,890.00,USD,ebay,1083,â˜…â˜…â˜†â˜†â˜†
6 speeds Massage Gun Percussion Massager Deep Tissue Muscle Vibrating Relax,15.99,USD,ebay,350273,â˜…â˜…â˜…â˜…â˜…
"Massage Gun Deep Tissue, Muscle Massage Gun with 9 Attachment Heads 20 Speeds",28.99,USD,ebay,24975,â˜…â˜…â˜…â˜†â˜†
6 Speed Massage Gun Percussion Massager Deep Tissue Muscle Vibrating Relax,13.99,USD,ebay,696,â˜…â˜†â˜†â˜†â˜†
16-head 16-Drive Massage Gun Se Deep Tissue Percussion Massager with 3 modes  30,80.99,USD,ebay,11,â˜…â˜†â˜†â˜†â˜†
6 Speed Massage Gun Percussion Massager Deep Tissue Muscle Vibrating Relax,14.99,USD,ebay,99837,â˜…â˜…â˜…â˜…â˜†
Mini Muscle Massage Gun Protable Body Massager Deep Handheld Percussion Massager,9.99,USD,ebay,68,â˜…â˜†â˜†â˜†â˜†
PRO Deep Tissue Massage Gun 16-Head Deep Percussion Muscle,41.99,USD,ebay,50,â˜…â˜†â˜†â˜†â˜†
30 Speed Massage Gun Percussion Massager Deep Tissue Muscle Vibrating Relax,19.99,USD,ebay,257,â˜…â˜†â˜†â˜†â˜†
Sharper Image Powerboost Sport Percussion Handheld Massager: Metal,24.64,USD,ebay,750495,â˜…â˜…â˜…â˜…â˜…
6 speeds Massage Gun Percussion Massager Deep Tissue Muscle Vibrating Relax,11.95,USD,ebay,111,â˜…â˜†â˜†â˜†â˜†
"Massage Gun Deep Tissue, 99 Speeds Quiet Handheld Electric Muscle Massager with",14.99,USD,ebay,1494,â˜…â˜…â˜†â˜†â˜†
6 speeds Massage Gun Percussion Massager Deep Tissue Muscle Vibrating Relax,11.98,USD,ebay,85,â˜…â˜†â˜†â˜†â˜†
Turonic GM5 Massage Gun - Deep Tissue Massager for Muscle Relax & Pain Relief,189.97,USD,ebay,14142,â˜…â˜…â˜…â˜†â˜†
Bob and Brad Q2 Mini Massage Gun Muscle Massage Gun Deep Tissue For Pain Relief,45.95,USD,ebay,1000,â˜…â˜…â˜†â˜†â˜†
Replace Head Attachment For Deep Tissue Muscle Massager Massage Gun 12/18mm NEW,18.99,USD,ebay,1220,â˜…â˜…â˜†â˜†â˜†
Massage Gun Handheld Deep Tissue Percussion Muscle Massager 30 Speed 9 Heads,23.99,USD,ebay,257,â˜…â˜†â˜†â˜†â˜†
"Exerscribe Vybe Pro Muscle Massage Gun for Athletes for Body,Back,Shoulder Pain-",42.99,USD,ebay,177287,â˜…â˜…â˜…â˜…â˜…
RENPHO Massage Gun Deep Tissue Hand Held Massager Back Massager for Pain Relief,35.99,USD,ebay,1263,â˜…â˜…â˜†â˜†â˜†
AULA F75 75% Wireless Mechanical Keyboard Pre-lubed Reaper Switches RGB Backlit,44.99,USD,ebay,387,â˜…â˜†â˜†â˜†â˜†
HK GAMING GK61 Mechanical Gaming Keyboard - 61 Keys Multi Color RGB Illuminated,17.99,USD,ebay,3345,â˜…â˜…â˜†â˜†â˜†
AULA F99 Pro Wireless Mechanical Keyboard Tri-Mode RGB Backlit Gaming Keyboards,56.99,USD,ebay,387,â˜…â˜†â˜†â˜†â˜†
AULA F75 Pro Wireless Mechanical Keyboard w/Knob RGB Backlit Pre-lubed Switches,53.59,USD,ebay,387,â˜…â˜†â˜†â˜†â˜†
DROP CSTM80 RGB TKL Wired Mechanical Gaming Keyboard - White,66.99,USD,ebay,18858,â˜…â˜…â˜…â˜†â˜†
Razer Ornata V3 X Wired Low Profile Mechanical Gaming Keyboard (Black) Excellent,28.41,USD,ebay,7350,â˜…â˜…â˜†â˜†â˜†
RGB PC Gaming Keyboard Mouse & Headset Set LED Gamer Bundle Mechanical Kits 4IN1,36.90,USD,ebay,69786,â˜…â˜…â˜…â˜…â˜†
Keychron K4 HE Special Edition 96% Wireless RGB Mechanical Keyboard Wood,800.00,USD,ebay,305,â˜…â˜†â˜†â˜†â˜†
K70 Mechanical Gaming Keyboard Cherry MX Blue.CH90000045-NA,59.95,USD,ebay,185,â˜…â˜†â˜†â˜†â˜†
Mechanical Gaming Keyboard - TBI Pro X107 Mechanoid - Authentic Blue Switches,19.99,USD,ebay,10895,â˜…â˜…â˜…â˜†â˜†
Yunzii YZ-84 Mechanical Keyboard - Wired - Mint (with Extra keys) Yellow switche,39.99,USD,ebay,45049,â˜…â˜…â˜…â˜†â˜†
Dustsilver D66 Wireless Mechanical Keyboard Peach,39.99,USD,ebay,6907,â˜…â˜…â˜†â˜†â˜†
ASUS Mechanical Gaming Keyboard ROG Claymore Cherry MX Brown,49.99,USD,ebay,12850,â˜…â˜…â˜…â˜†â˜†
"99 Key Mechanical Keyboard, Tri-Mode Bluetooth/2.4G/USB-C Hot Swappable Custo...",39.95,USD,ebay,8410,â˜…â˜…â˜†â˜†â˜†
HyperX Alloy Elite 2 RGB Wired Mechanical Gaming Keyboard,50.00,USD,ebay,272,â˜…â˜†â˜†â˜†â˜†
ROYALAXE R100 Mechanical Keyboard Gateron G Pro 3.0 Yellow Switch - Lava Brown,46.76,USD,ebay,36459,â˜…â˜…â˜…â˜†â˜†
Corsair K70 RGB TKL Champion Series Optical Mechanical Gaming Keyboard,69.00,USD,ebay,1735,â˜…â˜…â˜†â˜†â˜†
"AULA F75 Pro Wireless Mechanical Keyboard,75% Hot Swappable Custom",60.80,USD,ebay,16095,â˜…â˜…â˜…â˜†â˜†
Logitech G PRO TKL Wired Mechanical GX Blue Clicky Gaming Keyboard w/ RGB,52.99,USD,ebay,453660,â˜…â˜…â˜…â˜…â˜…
Akko X Monsgeek Bun Wonderland MG108B V3 Pro Mechanical Gaming Keyboard  (#1),59.99,USD,ebay,6925,â˜…â˜…â˜†â˜†â˜†
ğŸ”¥NEWğŸ”¥ Wooting 60HE+ BEST Gaming Keyboard with Rapid Trigger *IN STOCK*,244.99,USD,ebay,296,â˜…â˜†â˜†â˜†â˜†
"JLab Epic Mechanical Wireless Keyboard, Bluetooth, 2.4G, Switches, Illuminated",64.99,USD,ebay,3710,â˜…â˜…â˜†â˜†â˜†
Mechanical Keyboard - NEW IN BOX - 68 Keys - Wired - white Color - Compact,25.00,USD,ebay,270,â˜…â˜†â˜†â˜†â˜†
Real Mechanical Keyboard 105 Keys RGB LED Backlit Wired Gaming Keyboard VG,77.77,USD,ebay,244,â˜…â˜†â˜†â˜†â˜†
"(White) Gaming Mechanical Keyboard 87-Key | Blue Switch, Wired, Aluminum Frame",19.99,USD,ebay,25524,â˜…â˜…â˜…â˜†â˜†
"Custom Mechanical Keyboard (Sleek and Minimal, Creamy & Thocky!) READ DESC!",449.00,USD,ebay,422,â˜…â˜†â˜†â˜†â˜†
75% Mechanical Gaming Keyboard Red Switch White Backlit 87 Keys TKL Wired,44.15,USD,ebay,836,â˜…â˜†â˜†â˜†â˜†
104-Key Mechanical Wired USB Keyboard Gaming ET EasterTimes Tech Full Size RGB,35.00,USD,ebay,1046,â˜…â˜…â˜†â˜†â˜†
Mechanical Keyboard - NEW IN BOX - 68 Keys - Wired - Mint Color - Compact,24.00,USD,ebay,18,â˜…â˜†â˜†â˜†â˜†
Keyboard Custom Aluminum Mechanical Gaming Magnetic Switch 60%UltraFast Response,173.00,USD,ebay,710,â˜…â˜†â˜†â˜†â˜†
Dustsilver Mechanical Keyboard Model D84 Tested Fast Shipping,40.00,USD,ebay,45,â˜…â˜†â˜†â˜†â˜†
Custom Mechanical Keyboard 60%,125.00,USD,ebay,8,â˜…â˜†â˜†â˜†â˜†
Mechanical Gaming Keyboard,20.00,USD,ebay,283,â˜…â˜†â˜†â˜†â˜†
Mechanical Gaming Keyboard I-500 EasternTimes Tech,15.00,USD,ebay,1566,â˜…â˜…â˜†â˜†â˜†
Cherry MX Stem Keycaps best gaming keycaps for your mechanical keyboard,10.99,USD,ebay,1163,â˜…â˜…â˜†â˜†â˜†
"Custom Mechanical Keyboard (Creamy, Thocky And Quiet) Read Desc!",350.00,USD,ebay,13,â˜…â˜†â˜†â˜†â˜†
I build you a custom mechanical keyboard,300.00,USD,ebay,0,â˜…â˜†â˜†â˜†â˜†
K50 One-hand Mechanical Gaming Keyboard,21.00,USD,ebay,377,â˜…â˜†â˜†â˜†â˜†
Quiet Mechanical Gaming Keyboard 12 Multimedia 104 Keys Ergonomic Design USB-A,52.08,USD,ebay,10535,â˜…â˜…â˜…â˜†â˜†
"Wired Mechanical Keyboard, Mini Gaming Keyboard (Black-Yellow, Brown Switches)",25.99,USD,ebay,38915,â˜…â˜…â˜…â˜†â˜†
Green and White Mechanical Keyboard with Coiled Cable,60.00,USD,ebay,102,â˜…â˜†â˜†â˜†â˜†
68% Custom Mechanical Keyboard TKL Lubed Hotswap Switches RGB,299.99,USD,ebay,9,â˜…â˜†â˜†â˜†â˜†
Easterntimes Tech I-601 Mechanical Gaming Keyboard /Black,25.99,USD,ebay,5348,â˜…â˜…â˜†â˜†â˜†
"BEST VALUE Optical Mechanical Gaming Keyboard ZIDLI ZGK01,Orange Backlight",46.99,USD,ebay,357,â˜…â˜†â˜†â˜†â˜†
Cherry MX Stem Keycaps best gaming for your mechanical keyboard MDX-21609-1,14.99,USD,ebay,1163,â˜…â˜…â˜†â˜†â˜†
104-Key Mechanical Gaming Keyboard Easterntimes Tech 1-970 ET ğŸ”¥NewğŸ”¥,21.99,USD,ebay,13342,â˜…â˜…â˜…â˜†â˜†
Bakeneko65 Keyboard â€“ ePBT â€œLess But Betterâ€ Keycaps + Gateron Milky Yellow Pro,280.00,USD,ebay,0,â˜…â˜†â˜†â˜†â˜†
BEST Wired Optical Mechanical Gaming Keyboard & Mouse Rainbow RGB Backlit Combo,58.99,USD,ebay,357,â˜…â˜†â˜†â˜†â˜†
Truly Ergonomic Cleave Keyboard - Best Ergo Split Tactile Optical Mechanical...,225.00,USD,ebay,3,â˜…â˜†â˜†â˜†â˜†
"Wireless Gaming Keyboard Mouse Combo, Mechanical Feel, LED Backlit, Black BEST",63.99,USD,ebay,19,â˜…â˜†â˜†â˜†â˜†
68% Mechanical Gaming Keyboard Ultra Compact Stand Alone Arrow Keys RGB,42.81,USD,ebay,88,â˜…â˜†â˜†â˜†â˜†
"R75 Mechanical Keyboard Wired with Volume Knob, 75% Custom Gaming Keyboard Ga...",93.41,USD,ebay,291,â˜…â˜†â˜†â˜†â˜†
"R75 Wired Gaming Keyboard with Volume Knob, 75% Mechanical Gaming Keyboard Cu...",120.84,USD,ebay,165,â˜…â˜†â˜†â˜†â˜†
Easterntimes Tech I-850 RGB Mechanical Gaming Keyboard,20.00,USD,ebay,43,â˜…â˜†â˜†â˜†â˜†
"Brand New Mechanical Keyboard Still In Original Packaging, With White Key Caps",20.00,USD,ebay,45,â˜…â˜†â˜†â˜†â˜†
"R75 Wired Gaming Keyboard with Volume Knob, 75% Mechanical Gaming Keyboard Cu...",114.31,USD,ebay,683,â˜…â˜†â˜†â˜†â˜†
"R75 Wired Gaming Keyboard with Volume Knob, 75% Mechanical Gaming Keyboard Cu...",112.79,USD,ebay,171,â˜…â˜†â˜†â˜†â˜†
Dyson V11 Cordless Vacuum Cleaner | Iron/Blue | Refurbished,229.99,USD,ebay,119669,â˜…â˜…â˜…â˜…â˜…
Dyson V8 Origin+ Cordless Vacuum | Purple | Refurbished,169.99,USD,ebay,119669,â˜…â˜…â˜…â˜…â˜…
Dyson V10 Animal+ Cordless Vacuum Cleaner | Purple | Refurbished,219.99,USD,ebay,119669,â˜…â˜…â˜…â˜…â˜…
"Tineco Pure One S11 Smart Cordless Stick Vacuum Cleaner | Lightweight, Quiet",95.20,USD,ebay,2363,â˜…â˜…â˜†â˜†â˜†
Tineco Refurbished FLOOR ONE S5 Smart Cordless Wet-Dry Vacuum Cleaner,129.00,USD,ebay,2363,â˜…â˜…â˜†â˜†â˜†
"Milwaukee 0880-20 M18 18 Volt  Cordless Wet/Dry Vacuum, Tool Only,",99.00,USD,ebay,72476,â˜…â˜…â˜…â˜…â˜†
Shark IZ340H Pet Pro Cordless Stick Vacuum (Certified Refurbished),129.99,USD,ebay,96623,â˜…â˜…â˜…â˜…â˜†
Dyson V15 Detect Absolute Cordless Vacuum | Iron/Gold | Refurbished,339.99,USD,ebay,119669,â˜…â˜…â˜…â˜…â˜…
45Kpa Cordless Vacuum Cleaner 550W Lightweight Stick Vacuum Cleaner Rechargeable,84.99,USD,ebay,5344,â˜…â˜…â˜†â˜†â˜†
Dyson V11 Torque Drive + Cordless Vacuum | Blue | Refurbished,229.99,USD,ebay,119669,â˜…â˜…â˜…â˜…â˜…
Shark Ip1251 Powerdetect Cordless Stick Vacuum,150.00,USD,ebay,179354,â˜…â˜…â˜…â˜…â˜…
Cordless Stick Vacuum 45KPa Suction 2600mAh HEPA Cleaner Pet Hair 50Min Run,71.99,USD,ebay,1612,â˜…â˜…â˜†â˜†â˜†
Tineco iFLOOR 2 Cordless Wet Dry Vacuum Cleaner for Multi-Surface Cleaning,69.00,USD,ebay,2363,â˜…â˜…â˜†â˜†â˜†
Dyson V10 Animal + Cordless Vacuum Cleaner | Purple | Certified Refurbished,219.99,USD,ebay,119669,â˜…â˜…â˜…â˜…â˜…
Dyson V8 Absolute Cordless Vacuum | Silver/Nickel | Refurbished,189.99,USD,ebay,119669,â˜…â˜…â˜…â˜…â˜…
120W Cordless Handheld Vacuum â€“ Mini Portable Wireless Cleaner for Car & Home,6.99,USD,ebay,128,â˜…â˜†â˜†â˜†â˜†
"Tineco iFloor 3 Breeze Complete Wet Dry Vacuum Cleaner, Cordless Floor Cleaner",89.00,USD,ebay,2363,â˜…â˜…â˜†â˜†â˜†
Bissell AirRam Cordless Lightweight Multi-Surface Vacuum Cleaner | 1984,174.99,USD,ebay,66515,â˜…â˜…â˜…â˜…â˜†
Dyson SV29 Outsize Extra Cordless Vacuum Cleaner | Nickel/Iron | Refurbished,239.99,USD,ebay,119669,â˜…â˜…â˜…â˜…â˜…
iRobot Roomba j7+ Self-Emptying Vacuum Cleaning Robot - Certified Refurbished!,169.99,USD,ebay,22941,â˜…â˜…â˜…â˜†â˜†
DREAME L10s Ultra Robot Vacuum and Mop 5300Pa Self-Emptying Seller Refurbished,231.24,USD,ebay,1471,â˜…â˜…â˜†â˜†â˜†
Dyson V15 Detect Total Clean Extra | Yellow/Nickel | Refurbished,299.99,USD,ebay,119669,â˜…â˜…â˜…â˜…â˜…
Whall Cordless Vacuum Cleaner 25kPa Suction 4 In 1 280W Motor - ORANGE/BLUE,99.00,USD,ebay,36459,â˜…â˜…â˜…â˜†â˜†
Black & Decker HLVA325JP07 dustbuster furbuster AdvanceClean Pet Vacuum New,59.99,USD,ebay,653870,â˜…â˜…â˜…â˜…â˜…
Shark - Cordless PowerDetect Stick Vacuum Ip1251 V5 New,253.99,USD,ebay,46161,â˜…â˜…â˜…â˜†â˜†
iRobot Roomba j9+ Self-Emptying Robot Vacuum Cleaner - Certified Refurbished!,269.99,USD,ebay,22941,â˜…â˜…â˜…â˜†â˜†
"Ljuren Cordless Vacuum Cleaner, 35 Mins, 7in1 Stick Vacuum 2 Suction, K-21B-RED",99.00,USD,ebay,36459,â˜…â˜…â˜…â˜†â˜†
Shark BU3120-em Clean & Empty Cordless Stick Vacuum Auto Empty Base Self Cleanin,178.95,USD,ebay,110586,â˜…â˜…â˜…â˜…â˜…
"HOT DEAL- Dyson Home, Car + Boat Handheld Vacuum w/ 3 Attachments, 115 Air Watts",174.99,USD,ebay,0,â˜…â˜†â˜†â˜†â˜†
Makita XCV11Z 18V LXT 2 Gallon Li-Ion HEPA Dust Extractor/Vacuum (Tool Only) New,216.99,USD,ebay,653870,â˜…â˜…â˜…â˜…â˜…
AIRROBO T20+ Self-Emptying Robotic Robot Vacuum and Mop APP/Voice Control/Alexa,109.99,USD,ebay,3235,â˜…â˜…â˜†â˜†â˜†
"HOT DEAL - Shark PowerDetect Cordless Stick Vacuum 380W, HEPA Filter (US Stock)",239.99,USD,ebay,42,â˜…â˜†â˜†â˜†â˜†
Bossdan 4 in 1 Lightweight Quiet Stick Cordless Vacuum Cleaner - BLUE,99.00,USD,ebay,36459,â˜…â˜…â˜…â˜†â˜†
Shark R-IZ464H Vertex Cordless Stick Vacuum with DuoClean-Certified Refurbished,199.99,USD,ebay,53739,â˜…â˜…â˜…â˜…â˜†
Makita DCL501Z 18V LXT Cyclonic Canister Cordless HEPA Filter Vacuum New,299.00,USD,ebay,653870,â˜…â˜…â˜…â˜…â˜…
ZokerLife Stick Cordless Vacuum Cleaner 2200mAh 35min runtime Lightweight - RED,99.00,USD,ebay,36459,â˜…â˜…â˜…â˜†â˜†
Nicebay 4 in 1 Lightweight Cordless Vacuum Cleaner EV-6803 - BLACK,99.00,USD,ebay,36459,â˜…â˜…â˜…â˜†â˜†
KALORIK Best Cordless Hand Vac Vacuum Cleaner Washable Filter One-Button System,74.99,USD,ebay,24777,â˜…â˜…â˜…â˜†â˜†
"Best design Mini car vacuum cleaner cordless, Brushless motor",23.00,USD,ebay,48,â˜…â˜†â˜†â˜†â˜†
"Shark Cyclone Cordless Handheld Vacuum: Best for Pet Hair, Multi-Surface",59.99,USD,ebay,215,â˜…â˜†â˜†â˜†â˜†
BEST SELLER! NEW Shark UltraCyclone Pet Pro+ CH951 Cordless Strong Hand Vacuum,89.99,USD,ebay,44,â˜…â˜†â˜†â˜†â˜†
BEST SELLING - 115W Air Dyson V8 Absolute Cordless Vacuum - Compact & Versatile,199.99,USD,ebay,0,â˜…â˜†â˜†â˜†â˜†
"Car Vacuum Portable Cordless with Best Suction Cordless,Handheld Powerful Car...",28.88,USD,ebay,1678,â˜…â˜…â˜†â˜†â˜†
"Handheld Car Vacuum Cleaner, Cordless Car Vacuum with 10000PA Best Suction, 2...",18.77,USD,ebay,674,â˜…â˜†â˜†â˜†â˜†
Vaccum Cleaner Small Vacuum Electric Broom Vacum House Best Hand Vac Handvac New,53.19,USD,ebay,357,â˜…â˜†â˜†â˜†â˜†
Handheld Vacuum Cordless Rechargeable â€“ 13000PA Powerful Car Vacuum with Best...,71.83,USD,ebay,121,â˜…â˜†â˜†â˜†â˜†
Best cordless Vacuum Titan T500 Cordless Upright Vacuum Cleaner 60 min run time,899.00,USD,ebay,3142,â˜…â˜…â˜†â˜†â˜†
"Handheld Car Vacuum Cleaner, Cordless Car Vacuum with 10000PA Best Suction, 2...",19.53,USD,ebay,324,â˜…â˜†â˜†â˜†â˜†
"Car Vacuum Portable Cordless with Best Suction Cordless,Handheld Powerful Car...",39.09,USD,ebay,215,â˜…â˜†â˜†â˜†â˜†
"Handheld Car Vacuum Cleaner, Cordless Car Vacuum with 10000PA Best Suction, 2...",24.99,USD,ebay,1092,â˜…â˜…â˜†â˜†â˜†
Vaccum Cleaner Small Vacuum Broom Wired Vacum for Car Best Hand Vac Handvac,35.30,USD,ebay,9178,â˜…â˜…â˜†â˜†â˜†
"Stanley - 8 Gallon Wet/Dry Vacuum - Stainless, Best Price",85.99,USD,ebay,1124,â˜…â˜…â˜†â˜†â˜†
RYOBI 18V  Cordless 1 Gal. Wet/Dry Vacuum (Tool Only),59.00,USD,ebay,84739,â˜…â˜…â˜…â˜…â˜†
"DYSON V8 EXTRA SV25 CORDLESS VACUUM CLEANER w/EXTRA TOOLS BRAND NEW, BEST OFFER!",329.99,USD,ebay,5956,â˜…â˜…â˜†â˜†â˜†
New Dyson V8 Origin Plus Cordless Stick Vacuum Cleaner SV25 Best Offer!,299.99,USD,ebay,5956,â˜…â˜…â˜†â˜†â˜†
Filter Queen Majestic Vacuum Cleaner Display Model Only In The Original Box,900.00,USD,ebay,1386,â˜…â˜…â˜†â˜†â˜†
"BEST SELLING- Eufy X10 Pro Omni Robotic Vacuum 8,000 Pa- Mop & Auto-Empty, White",349.99,USD,ebay,0,â˜…â˜†â˜†â˜†â˜†
